artist,track,duration,genre,date entered,date peaked,weeks to peak,weeks on chart,worst position,best position,enter rank,exit rank,1st week,2nd week,3rd week,4th week,5th week,6th week,7th week,8th week,9th week,10th week,11th week,12th week,13th week,14th week,15th week,16th week,17th week,18th week,19th week,20th week,21st week,22nd week,23rd week,24th week,25th week,26th week,27th week,28th week,29th week,30th week,31st week,32nd week,33rd week,34th week,35th week,36th week,37th week,38th week,39th week,40th week,41st week,42nd week,43rd week,44th week,45th week,46th week,47th week,48th week,49th week,50th week,51st week,52nd week,53rd week,54th week,55th week,56th week,57th week,58th week,59th week,60th week,61st week,62nd week,63rd week,64th week,65th week
Destiny's Child,Independent Women Part I,218,Rock,9/23/2000,11/18/2000,8,28,78,1,78,31,78,63,49,33,23,15,7,5,1,1,1,1,1,1,1,1,1,1,1,2,3,7,10,12,15,22,29,31,,,,,,,,,,,,,,,,,,,,,,,,,,,,,,,,,,,,,
Santana,"Maria, Maria",258,Rock,2/12/2000,4/8/2000,8,26,48,1,15,47,15,8,6,5,2,3,2,2,1,1,1,1,1,1,1,1,1,1,8,15,19,21,26,36,48,47,,,,,,,,,,,,,,,,,,,,,,,,,,,,,,,,,,,,,,,
Savage Garden,I Knew I Loved You,247,Rock,10/23/1999,1/29/2000,14,33,71,1,71,47,71,48,43,31,20,13,7,6,4,4,4,6,4,2,1,1,1,2,1,2,4,8,8,12,14,17,21,24,30,34,37,46,47,,,,,,,,,,,,,,,,,,,,,,,,,,,,,,,,
Madonna,Music,225,Rock,8/12/2000,9/16/2000,5,24,44,1,41,44,41,23,18,14,2,1,1,1,1,2,2,2,2,2,4,8,11,16,20,25,27,27,29,44,,,,,,,,,,,,,,,,,,,,,,,,,,,,,,,,,,,,,,,,,
"Aguilera, Christina",Come On Over Baby (All I Want Is You),218,Rock,8/5/2000,10/14/2000,10,21,57,1,57,44,57,47,45,29,23,18,11,9,9,11,1,1,1,1,4,8,12,22,23,43,44,,,,,,,,,,,,,,,,,,,,,,,,,,,,,,,,,,,,,,,,,,,,
Janet,Doesn't Really Matter,257,Rock,6/17/2000,8/26/2000,10,24,59,1,59,41,59,52,43,30,29,22,15,10,10,5,1,1,1,2,2,3,3,7,8,20,25,37,40,41,,,,,,,,,,,,,,,,,,,,,,,,,,,,,,,,,,,,,,,,,
Destiny's Child,Say My Name,271,Rock'n'roll,12/25/1999,3/18/2000,12,32,83,1,83,47,83,83,44,38,16,13,16,16,16,18,17,14,1,1,1,2,2,3,5,5,5,7,10,13,14,18,23,23,34,37,43,47,,,,,,,,,,,,,,,,,,,,,,,,,,,,,,,,,
"Iglesias, Enrique",Be With You,216,Latin,4/1/2000,6/24/2000,12,20,63,1,63,28,63,45,34,23,17,12,9,8,8,6,5,4,1,1,1,3,11,14,24,28,,,,,,,,,,,,,,,,,,,,,,,,,,,,,,,,,,,,,,,,,,,,,
Sisqo,Incomplete,232,Rock'n'roll,6/24/2000,8/12/2000,7,26,77,1,77,46,77,66,61,61,61,55,2,1,1,2,2,4,5,5,7,8,10,10,9,14,17,20,25,31,32,46,,,,,,,,,,,,,,,,,,,,,,,,,,,,,,,,,,,,,,,
Lonestar,Amazed,265,Country,6/5/1999,3/4/2000,39,55,81,1,81,50,81,54,44,39,38,33,29,29,32,27,26,24,27,32,33,35,35,40,43,50,,,,,,,,,,45,45,45,23,17,14,17,18,18,3,1,1,2,3,4,4,5,6,8,9,10,12,15,20,22,22,25,26,31,32,37,42,42,45,50,
N'Sync,It's Gonna Be Me,190,Rock'n'roll,5/6/2000,7/29/2000,12,25,82,1,82,48,82,70,51,39,26,19,15,9,7,7,5,4,1,1,3,4,6,10,13,15,18,23,28,38,48,,,,,,,,,,,,,,,,,,,,,,,,,,,,,,,,,,,,,,,,
"Aguilera, Christina",What A Girl Wants,198,Rock'n'roll,11/27/1999,1/15/2000,7,24,71,1,71,44,71,51,28,18,13,13,11,1,1,2,2,3,3,4,12,11,13,15,18,20,30,40,39,44,,,,,,,,,,,,,,,,,,,,,,,,,,,,,,,,,,,,,,,,,
Vertical Horizon,Everything You Want,241,Rock'n'roll,1/22/2000,7/15/2000,25,41,70,1,70,50,70,61,53,46,40,33,31,26,22,19,17,15,13,9,9,8,8,6,7,7,8,3,3,6,6,1,2,3,4,7,9,10,18,20,27,29,36,40,50,47,50,,,,,,,,,,,,,,,,,,,,,,,,
Creed,With Arms Wide Open,232,Rock'n'roll,5/13/2000,11/11/2000,26,47,86,1,84,41,84,78,76,74,70,68,74,75,69,74,70,79,84,86,76,62,45,29,19,11,10,7,5,3,3,3,1,2,2,3,3,3,4,5,5,5,5,9,12,13,13,17,22,26,28,37,41,,,,,,,,,,,,,,,,,,
Aaliyah,Try Again,243,Rock'n'roll,3/18/2000,6/17/2000,13,32,59,1,59,43,59,53,38,28,21,18,16,14,12,10,9,8,6,1,2,2,2,2,3,4,5,5,6,9,13,14,16,23,22,33,36,43,,,,,,,,,,,,,,,,,,,,,,,,,,,,,,,,,
matchbox twenty,Bent,252,Rock,4/29/2000,7/22/2000,12,39,60,1,60,48,60,37,29,24,22,21,18,16,13,12,8,6,1,2,3,2,2,3,4,5,4,4,6,9,12,13,19,20,20,24,29,28,27,30,33,37,38,38,48,,,,,,,,,,,,,,,,,,,,,,,,,,
"Carey, Mariah",Thank God I Found You,254,Rock,12/11/1999,2/19/2000,10,20,89,1,82,89,82,68,50,50,41,37,26,22,22,2,1,2,4,13,21,28,43,57,82,89,,,,,,,,,,,,,,,,,,,,,,,,,,,,,,,,,,,,,,,,,,,,,
"Hill, Faith",Breathe,244,Rap,11/6/1999,4/22/2000,24,53,81,2,81,47,81,68,62,51,42,35,28,28,28,43,30,23,23,21,21,21,5,3,3,4,4,3,3,3,2,2,3,3,2,2,3,4,2,5,8,11,13,14,18,22,23,22,24,30,31,31,38,39,42,49,49,48,47,,,,,,,,,,,,
Mya,Case Of The Ex (Whatcha Gonna Do),230,Rock'n'roll,8/19/2000,12/2/2000,15,30,72,2,72,35,72,57,52,47,42,31,24,18,17,17,17,10,9,9,7,2,2,2,3,4,4,4,4,8,11,15,19,24,23,35,,,,,,,,,,,,,,,,,,,,,,,,,,,,,,,,,,,
Dream,He Loves U Not,223,Rock,9/30/2000,12/30/2000,13,28,99,2,99,46,99,92,81,59,47,42,32,27,18,18,11,8,5,2,2,3,3,3,7,9,10,11,10,19,23,28,38,46,,,,,,,,,,,,,,,,,,,,,,,,,,,,,,,,,,,,,
"Braxton, Toni",He Wasn't Man Enough,261,Rock,3/18/2000,5/6/2000,7,37,63,2,63,48,63,55,48,39,35,24,3,2,2,4,4,5,11,12,16,15,14,14,12,10,11,13,13,13,15,16,14,13,17,19,23,29,37,33,34,41,48,,,,,,,,,,,,,,,,,,,,,,,,,,,,
"Anthony, Marc",You Sang To Me,230,Latin,2/26/2000,6/3/2000,14,32,77,2,77,44,77,54,50,43,30,27,21,18,15,13,13,13,13,5,2,2,5,7,9,12,12,16,20,20,22,25,26,29,35,33,40,44,,,,,,,,,,,,,,,,,,,,,,,,,,,,,,,,,
98 Degrees,Give Me Just One Night (Una Noche),204,Rock,8/19/2000,9/30/2000,6,20,94,2,51,94,51,39,34,26,26,19,2,2,3,6,7,22,29,36,47,67,66,84,93,94,,,,,,,,,,,,,,,,,,,,,,,,,,,,,,,,,,,,,,,,,,,,,
Destiny's Child,Jumpin' Jumpin',228,Rock,5/13/2000,8/19/2000,14,32,74,3,74,39,74,71,65,62,57,50,40,37,22,18,13,8,6,4,3,4,3,3,3,3,4,4,6,7,6,8,10,15,24,30,35,39,,,,,,,,,,,,,,,,,,,,,,,,,,,,,,,,,
3 Doors Down,Kryptonite,233,Rock,4/8/2000,11/11/2000,31,53,81,3,81,49,81,70,68,67,66,57,54,53,51,51,51,51,47,44,38,28,22,18,18,14,12,7,6,6,6,5,5,4,4,4,4,3,3,3,4,5,5,9,9,15,14,13,14,16,17,21,22,24,28,33,42,42,49,,,,,,,,,,,,
Sisqo,Thong Song,245,Rock'n'roll,1/29/2000,5/20/2000,16,28,74,3,74,46,74,63,35,26,26,23,20,16,13,10,6,6,5,4,4,4,3,3,4,3,7,8,13,17,24,31,43,46,,,,,,,,,,,,,,,,,,,,,,,,,,,,,,,,,,,,,
"Aguilera, Christina",I Turn To You,240,Rock'n'roll,4/15/2000,7/1/2000,11,22,50,3,50,50,50,39,30,28,21,19,20,17,17,17,17,3,3,7,10,17,25,29,29,40,43,50,,,,,,,,,,,,,,,,,,,,,,,,,,,,,,,,,,,,,,,,,,,
"Houston, Whitney",My Love Is Your Love,256,Rock'n'roll,9/4/1999,1/8/2000,18,28,81,4,81,49,81,68,44,16,11,9,8,7,8,7,8,8,6,6,5,5,5,5,4,6,10,10,11,20,22,27,34,49,,,,,,,,,,,,,,,,,,,,,,,,,,,,,,,,,,,,,
Joe,I Wanna Know,297,Rock'n'roll,1/1/2000,7/1/2000,26,44,94,4,94,45,94,86,69,50,41,33,32,28,28,27,27,25,23,20,17,15,14,11,11,14,11,11,10,12,10,6,4,5,4,5,5,7,6,8,5,6,9,9,8,14,16,20,32,45,,,,,,,,,,,,,,,,,,,,,
"Jordan, Montell",Get It On.. Tonite,274,Rap,10/23/1999,2/12/2000,16,32,92,4,92,42,92,80,72,69,67,61,54,43,38,24,24,20,19,15,15,5,4,4,7,10,5,9,9,7,9,10,10,15,18,23,30,42,,,,,,,,,,,,,,,,,,,,,,,,,,,,,,,,,
N'Sync,Bye Bye Bye,195,Rock'n'roll,1/29/2000,4/15/2000,11,23,42,4,42,40,42,20,19,14,13,7,6,5,5,5,5,4,4,6,6,7,9,12,18,20,27,34,40,,,,,,,,,,,,,,,,,,,,,,,,,,,,,,,,,,,,,,,,,,
Eminem,The Real Slim Shady,282,Rap,5/6/2000,6/24/2000,7,19,98,4,70,98,70,32,20,16,11,7,6,4,5,4,8,9,16,30,49,68,83,88,98,,,,,,,,,,,,,,,,,,,,,,,,,,,,,,,,,,,,,,,,,,,,,,
Pink,Most Girls,246,Rock'n'roll,8/12/2000,11/25/2000,15,27,85,4,85,46,85,70,52,36,27,21,15,13,12,8,5,5,5,6,5,4,6,8,11,14,14,16,18,21,26,39,46,,,,,,,,,,,,,,,,,,,,,,,,,,,,,,,,,,,,,,
"Mumba, Samantha",Gotta Tell You,199,Rock'n'roll,9/9/2000,12/9/2000,13,22,85,4,85,36,85,72,65,49,39,25,20,10,9,8,6,5,7,4,6,7,13,17,17,23,29,36,,,,,,,,,,,,,,,,,,,,,,,,,,,,,,,,,,,,,,,,,,,
Blaque,Bring It All To Me,226,Pop,10/23/1999,1/22/2000,13,29,73,5,73,42,73,63,50,42,24,19,17,14,11,9,9,9,10,5,5,6,8,9,15,15,18,17,18,19,19,22,26,32,42,,,,,,,,,,,,,,,,,,,,,,,,,,,,,,,,,,,,
"Elliott, Missy ""Misdemeanor""",Hot Boyz,231,Rap,11/27/1999,1/8/2000,6,21,38,5,36,38,36,21,13,9,7,7,5,7,7,7,8,11,7,10,11,12,15,17,23,30,38,,,,,,,,,,,,,,,,,,,,,,,,,,,,,,,,,,,,,,,,,,,,
"Gray, Macy",I Try,232,Rock'n'roll,2/19/2000,5/20/2000,13,27,68,5,68,46,68,51,47,36,30,20,15,12,8,7,7,7,6,5,6,9,10,11,14,16,16,16,21,27,34,40,46,,,,,,,,,,,,,,,,,,,,,,,,,,,,,,,,,,,,,,
N'Sync,This I Promise You,263,Rock,9/30/2000,12/2/2000,9,26,68,5,68,49,68,31,19,15,11,6,7,7,6,5,6,7,10,12,11,9,11,12,20,22,26,30,30,39,41,49,,,,,,,,,,,,,,,,,,,,,,,,,,,,,,,,,,,,,,,
Ruff Endz,No More,236,Rock,7/1/2000,9/2/2000,9,26,76,5,76,38,76,38,19,17,12,15,12,10,7,5,8,8,10,12,14,15,19,23,21,18,19,22,23,24,33,38,,,,,,,,,,,,,,,,,,,,,,,,,,,,,,,,,,,,,,,
"Backstreet Boys, The",Show Me The Meaning Of Being Lonely,234,Rock,1/1/2000,3/18/2000,11,24,74,6,74,47,74,62,55,25,16,14,12,10,12,9,7,6,6,6,8,9,13,19,23,26,32,34,45,47,,,,,,,,,,,,,,,,,,,,,,,,,,,,,,,,,,,,,,,,,
Nine Days,Absolutely (Story Of A Girl),189,Rock,5/6/2000,7/22/2000,11,27,85,6,85,48,85,71,59,52,39,34,26,20,17,13,11,6,6,8,8,7,8,9,11,12,14,18,26,30,36,41,48,,,,,,,,,,,,,,,,,,,,,,,,,,,,,,,,,,,,,,
"Dion, Celine",That's The Way It Is,243,Rock,11/13/1999,3/4/2000,16,28,74,6,74,42,74,68,65,49,44,34,30,30,17,14,11,8,9,10,11,11,6,8,7,7,9,10,14,16,26,31,35,42,,,,,,,,,,,,,,,,,,,,,,,,,,,,,,,,,,,,,
Blink-182,All The Small Things,172,Rock,12/4/1999,2/19/2000,11,23,89,6,89,43,89,76,69,59,59,51,50,35,26,15,7,6,8,8,9,11,14,16,18,23,33,41,43,,,,,,,,,,,,,,,,,,,,,,,,,,,,,,,,,,,,,,,,,,
Eiffel 65,Blue (Da Ba Dee),209,Electronica,12/11/1999,1/29/2000,7,20,88,6,67,88,67,29,16,16,13,11,9,6,7,9,13,19,21,24,32,42,56,60,76,88,,,,,,,,,,,,,,,,,,,,,,,,,,,,,,,,,,,,,,,,,,,,,
"Badu, Erkyah",Bag Lady,303,Rock,8/19/2000,10/7/2000,7,20,67,6,67,66,67,53,42,41,48,42,34,6,9,9,8,11,15,21,26,29,26,38,56,66,,,,,,,,,,,,,,,,,,,,,,,,,,,,,,,,,,,,,,,,,,,,,
Pink,There U Go,203,Rock,3/4/2000,4/8/2000,5,32,46,5,25,44,25,15,12,11,11,7,7,12,14,15,15,17,19,16,15,14,12,10,10,10,8,9,12,16,20,22,33,39,39,41,46,44,,,,,,,,,,,,,,,,,,,,,,,,,,,,,,,,,
Creed,Higher,316,Rock'n'roll,9/11/1999,7/22/2000,45,57,81,7,81,49,81,77,73,63,61,58,56,52,56,57,57,57,57,57,60,61,61,57,60,61,,,,,,,,,43,41,34,28,25,23,22,16,16,18,14,13,13,11,11,9,9,7,7,9,9,12,14,16,17,17,21,26,29,32,39,39,43,47,50,50,49
Nelly,(Hot S**t) Country Grammar,257,Rap,4/29/2000,9/16/2000,20,34,100,7,100,49,100,99,96,76,55,37,24,24,30,36,37,30,23,21,17,17,15,11,11,10,7,7,8,10,11,12,12,17,19,23,33,37,36,49,,,,,,,,,,,,,,,,,,,,,,,,,,,,,,,
Next,Wifey,243,Rock'n'roll,5/27/2000,9/9/2000,15,21,85,7,85,35,85,61,46,40,36,31,25,22,25,24,21,20,19,19,8,7,10,12,21,25,35,,,,,,,,,,,,,,,,,,,,,,,,,,,,,,,,,,,,,,,,,,,,
Kenny G,Auld Lang Syne (The Millenium Mix),470,Jazz,12/25/1999,1/8/2000,2,5,89,2,89,66,89,89,7,8,66,,,,,,,,,,,,,,,,,,,,,,,,,,,,,,,,,,,,,,,,,,,,,,,,,,,,,,,,,,,,
Sonique,It Feels So Good,228,Rock'n'roll,1/22/2000,4/22/2000,13,24,67,8,67,49,67,52,30,23,19,17,16,16,14,12,13,13,11,8,10,10,11,14,17,19,21,31,38,49,,,,,,,,,,,,,,,,,,,,,,,,,,,,,,,,,,,,,,,,,
"Spears, Britney",Oops!.. I Did It Again,210,Rock'n'roll,4/22/2000,6/10/2000,7,20,96,7,67,96,67,38,26,19,15,13,12,9,9,10,14,15,17,24,35,49,77,85,90,96,,,,,,,,,,,,,,,,,,,,,,,,,,,,,,,,,,,,,,,,,,,,,
"Backstreet Boys, The",Shape Of My Heart,229,Rock'n'roll,10/14/2000,12/2/2000,7,20,70,7,39,70,39,25,24,15,12,12,10,9,10,12,17,19,29,26,24,31,52,63,62,70,,,,,,,,,,,,,,,,,,,,,,,,,,,,,,,,,,,,,,,,,,,,,
Everclear,Wonderful,270,Rock'n'roll,7/8/2000,9/30/2000,12,21,77,11,77,45,77,69,53,37,33,25,24,23,22,25,28,25,11,13,13,11,18,28,36,39,45,,,,,,,,,,,,,,,,,,,,,,,,,,,,,,,,,,,,,,,,,,,,
Ja Rule,Between Me And You,245,Rap,9/16/2000,11/18/2000,9,20,85,9,85,53,85,74,61,37,27,22,22,16,14,11,11,14,17,18,18,21,30,30,42,53,,,,,,,,,,,,,,,,,,,,,,,,,,,,,,,,,,,,,,,,,,,,,
"Rimes, LeAnn",I Need You,222,Country,5/27/2000,8/12/2000,11,25,77,11,77,41,77,68,67,63,59,59,59,53,51,50,13,11,11,15,12,12,13,16,19,21,21,24,25,30,41,,,,,,,,,,,,,,,,,,,,,,,,,,,,,,,,,,,,,,,,
Smash Mouth,Then The Morning Comes,184,Rock'n'roll,10/30/1999,1/29/2000,13,26,83,11,83,48,83,59,56,46,27,23,19,16,14,14,16,15,12,11,13,17,20,23,24,25,27,31,33,35,41,48,,,,,,,,,,,,,,,,,,,,,,,,,,,,,,,,,,,,,,,
Jay-Z,I Just Wanna Love U (Give It 2 Me),230,Rap,10/28/2000,12/30/2000,9,21,58,9,58,40,58,45,35,26,23,19,14,14,13,11,12,12,12,15,15,19,24,28,29,30,40,,,,,,,,,,,,,,,,,,,,,,,,,,,,,,,,,,,,,,,,,,,,
Jagged Edge,Let's Get Married,263,Rock,5/6/2000,7/29/2000,12,24,77,11,77,47,77,66,55,45,38,42,33,29,28,26,23,15,11,14,14,17,20,20,21,23,24,29,36,47,,,,,,,,,,,,,,,,,,,,,,,,,,,,,,,,,,,,,,,,,
Filter,Take A Picture,263,Rock,11/27/1999,2/5/2000,10,20,91,10,91,42,91,74,64,52,38,38,34,31,21,19,12,13,15,20,19,22,23,24,31,42,,,,,,,,,,,,,,,,,,,,,,,,,,,,,,,,,,,,,,,,,,,,,
"Martin, Ricky",She Bangs,242,Latin,10/7/2000,12/2/2000,8,18,100,8,38,100,38,28,21,21,18,16,13,13,12,20,22,29,43,54,55,73,92,100,,,,,,,,,,,,,,,,,,,,,,,,,,,,,,,,,,,,,,,,,,,,,,,
Mystikal,Shake Ya Ass,286,Rap,8/12/2000,10/28/2000,11,20,97,11,97,58,97,90,65,41,34,25,22,15,15,14,14,13,13,13,17,19,24,30,42,58,,,,,,,,,,,,,,,,,,,,,,,,,,,,,,,,,,,,,,,,,,,,,
BBMak,Back Here,215,Rock,4/29/2000,7/29/2000,13,31,99,13,99,49,99,86,60,52,38,34,28,21,18,18,19,15,18,13,16,15,16,16,17,15,18,17,16,22,24,30,36,37,42,45,49,,,,,,,,,,,,,,,,,,,,,,,,,,,,,,,,,,
"Spears, Britney",From The Bottom Of My Broken Heart,270,Rock,1/29/2000,2/26/2000,4,20,97,4,76,90,76,59,52,52,14,14,17,24,33,35,41,45,54,64,64,81,97,92,86,90,,,,,,,,,,,,,,,,,,,,,,,,,,,,,,,,,,,,,,,,,,,,,
Third Eye Blind,Never Let You Go,237,Rock,1/22/2000,4/1/2000,10,22,65,10,65,46,65,32,25,24,23,22,22,21,19,16,14,16,16,17,18,21,22,25,27,33,45,46,,,,,,,,,,,,,,,,,,,,,,,,,,,,,,,,,,,,,,,,,,,
Red Hot Chili Peppers,Otherside,253,Rock,2/12/2000,5/27/2000,15,22,80,14,80,45,80,72,65,52,51,49,40,37,32,29,29,29,29,24,18,14,15,16,19,22,29,45,,,,,,,,,,,,,,,,,,,,,,,,,,,,,,,,,,,,,,,,,,,
Profyle,Liar,237,R&B,9/16/2000,10/28/2000,6,20,99,6,52,99,52,32,25,17,16,16,14,19,24,33,35,43,54,61,69,75,86,81,94,99,,,,,,,,,,,,,,,,,,,,,,,,,,,,,,,,,,,,,,,,,,,,,
Barenaked Ladies,Pinch Me,226,Rock,9/9/2000,11/25/2000,11,21,77,11,77,44,77,76,69,45,51,37,33,29,26,25,16,15,15,19,19,20,22,20,21,34,44,,,,,,,,,,,,,,,,,,,,,,,,,,,,,,,,,,,,,,,,,,,,
Jagged Edge,He Can't Love U,210,Rock,12/11/1999,1/8/2000,4,20,77,4,54,77,54,32,17,17,15,18,18,18,18,25,24,24,26,33,44,51,53,65,69,77,,,,,,,,,,,,,,,,,,,,,,,,,,,,,,,,,,,,,,,,,,,,,
504 Boyz,Wobble Wobble,215,Rap,4/15/2000,5/6/2000,3,18,96,3,57,96,57,34,25,17,17,31,36,49,53,57,64,70,75,76,78,85,92,96,,,,,,,,,,,,,,,,,,,,,,,,,,,,,,,,,,,,,,,,,,,,,,,
Sting,Desert Rose,232,Rock,5/13/2000,8/26/2000,15,26,98,15,98,49,98,88,72,59,55,52,45,35,24,21,19,19,19,19,18,17,19,19,24,26,30,32,42,45,42,49,,,,,,,,,,,,,,,,,,,,,,,,,,,,,,,,,,,,,,,
Jay-Z,Big Pimpin',235,Rap,4/22/2000,7/8/2000,11,20,69,11,69,50,69,52,39,33,28,25,25,23,20,19,21,18,20,20,26,29,35,33,41,50,,,,,,,,,,,,,,,,,,,,,,,,,,,,,,,,,,,,,,,,,,,,,
Kid Rock,Only God Knows Why,327,Rock,2/19/2000,4/15/2000,8,20,78,8,63,78,63,47,46,39,35,26,26,23,19,19,21,25,25,29,32,44,52,62,69,78,,,,,,,,,,,,,,,,,,,,,,,,,,,,,,,,,,,,,,,,,,,,,
Foo Fighters,Learn To Fly,235,Rock,10/16/1999,1/22/2000,14,21,80,14,80,50,80,69,68,63,60,52,42,32,30,25,22,22,26,20,19,20,26,30,35,42,50,,,,,,,,,,,,,,,,,,,,,,,,,,,,,,,,,,,,,,,,,,,,
"Dixie Chicks, The",Goodbye Earl,259,Country,3/18/2000,5/6/2000,7,15,98,7,40,98,40,29,24,24,20,20,20,19,38,61,86,88,96,96,98,,,,,,,,,,,,,,,,,,,,,,,,,,,,,,,,,,,,,,,,,,,,,,,,,,
Guy,Dancin',248,R&B,12/18/1999,1/1/2000,2,11,94,2,46,94,46,29,19,22,36,44,58,58,68,75,94,,,,,,,,,,,,,,,,,,,,,,,,,,,,,,,,,,,,,,,,,,,,,,,,,,,,,,
Lil Bow Wow,Bounce With Me,202,Rap,8/19/2000,9/16/2000,4,20,100,4,48,100,48,35,24,24,20,20,20,20,22,27,27,36,40,53,61,69,80,90,99,,,100,,,,,,,,,,,,,,,,,,,,,,,,,,,,,,,,,,,,,,,,,,,
Westlife,Swear It Again,247,Rock,4/1/2000,7/1/2000,13,20,96,13,96,56,96,82,66,55,55,46,44,44,37,35,32,25,21,20,20,25,30,33,45,56,,,,,,,,,,,,,,,,,,,,,,,,,,,,,,,,,,,,,,,,,,,,,
Train,Meet Virginia,235,Rock,10/9/1999,1/22/2000,15,27,76,15,76,50,76,67,59,54,48,45,40,32,26,24,22,21,21,24,21,20,21,24,28,30,32,37,37,42,46,50,50,,,,,,,,,,,,,,,,,,,,,,,,,,,,,,,,,,,,,,
"Thomas, Carl",I Wish,230,Rock,3/25/2000,5/13/2000,7,20,75,7,75,67,75,64,48,39,32,28,24,20,22,21,22,26,23,24,27,28,42,44,52,67,,,,,,,,,,,,,,,,,,,,,,,,,,,,,,,,,,,,,,,,,,,,,
Hanson,This Time Around,254,Country,4/22/2000,5/6/2000,2,7,95,2,22,95,22,22,20,45,87,71,95,,,,,,,,,,,,,,,,,,,,,,,,,,,,,,,,,,,,,,,,,,,,,,,,,,,,,,,,,,
"Simpson, Jessica",I Think I'm In Love With You,212,Pop,7/1/2000,8/12/2000,6,16,96,6,63,96,63,52,44,29,25,23,21,21,21,27,38,38,57,74,89,96,,,,,,,,,,,,,,,,,,,,,,,,,,,,,,,,,,,,,,,,,,,,,,,,,
Ludacris,What's Your Fantasy,256,Rap,9/30/2000,12/16/2000,11,22,89,11,89,47,89,83,63,55,49,40,33,32,30,25,22,21,24,24,24,27,25,34,32,35,41,47,,,,,,,,,,,,,,,,,,,,,,,,,,,,,,,,,,,,,,,,,,,
Lil' Zane,Callin' Me,223,Rap,7/29/2000,9/2/2000,5,13,95,5,83,95,83,89,57,40,34,21,33,46,45,59,67,84,95,,,,,,,,,,,,,,,,,,,,,,,,,,,,,,,,,,,,,,,,,,,,,,,,,,,,
M2M,Don't Say You Love Me,221,Pop,11/20/1999,1/8/2000,7,12,98,7,72,98,72,53,62,46,54,44,44,21,64,92,98,98,,,,,,,,,,,,,,,,,,,,,,,,,,,,,,,,,,,,,,,,,,,,,,,,,,,,,
SoulDecision,Faded,205,Rock'n'roll,7/8/2000,9/9/2000,9,24,94,9,94,50,94,90,81,64,56,43,35,27,25,22,22,27,27,27,31,31,30,34,31,34,34,38,45,50,,,,,,,,,,,,,,,,,,,,,,,,,,,,,,,,,,,,,,,,,
"Brock, Chad",Yes!,202,Country,4/8/2000,7/1/2000,12,20,90,12,90,59,90,77,66,61,59,47,39,33,32,31,28,27,22,27,31,39,45,50,53,59,,,,,,,,,,,,,,,,,,,,,,,,,,,,,,,,,,,,,,,,,,,,,
"Martin, Ricky",Shake Your Bon-Bon,188,Latin,11/20/1999,2/12/2000,12,18,93,12,74,93,74,66,52,39,39,39,39,46,47,54,91,28,22,33,46,70,87,93,,,,,,,,,,,,,,,,,,,,,,,,,,,,,,,,,,,,,,,,,,,,,,,
Vertical Horizon,You're A God,225,Rock,8/26/2000,11/4/2000,10,21,64,10,64,49,64,55,43,41,37,31,30,29,28,26,23,23,25,32,32,37,37,41,46,48,49,,,,,,,,,,,,,,,,,,,,,,,,,,,,,,,,,,,,,,,,,,,,
Avant,Separated,253,Rock,4/29/2000,5/20/2000,3,20,62,3,62,51,62,32,30,23,26,30,35,32,32,25,23,28,27,29,27,31,31,33,40,51,,,,,,,,,,,,,,,,,,,,,,,,,,,,,,,,,,,,,,,,,,,,,
"Rimes, LeAnn",Big Deal,183,Country,10/16/1999,1/1/2000,11,20,71,11,71,70,71,52,51,51,51,48,41,37,29,26,26,23,30,28,27,25,31,43,56,70,,,,,,,,,,,,,,,,,,,,,,,,,,,,,,,,,,,,,,,,,,,,,
IMx,Stay The Night,217,Rap,10/9/1999,1/8/2000,13,20,84,13,84,78,84,61,45,43,40,38,36,31,34,34,40,36,36,23,41,62,70,71,79,78,,,,,,,,,,,,,,,,,,,,,,,,,,,,,,,,,,,,,,,,,,,,,
Dr. Dre,The Next Episode,158,Rap,5/27/2000,7/29/2000,9,20,78,9,78,58,78,67,58,53,46,41,32,27,26,23,26,27,32,32,44,46,47,50,52,58,,,,,,,,,,,,,,,,,,,,,,,,,,,,,,,,,,,,,,,,,,,,,
"Spears, Britney",Lucky,203,Rock,8/12/2000,9/9/2000,4,11,100,4,61,100,61,41,28,26,23,29,30,40,66,86,100,,,,,,,,,,,,,,,,,,,,,,,,,,,,,,,,,,,,,,,,,,,,,,,,,,,,,,
Savage Garden,Crash And Burn,281,Rock,4/8/2000,5/27/2000,7,20,87,7,75,87,75,58,51,36,33,31,26,24,24,29,34,39,46,47,48,49,58,63,73,87,,,,,,,,,,,,,,,,,,,,,,,,,,,,,,,,,,,,,,,,,,,,,
Kandi,Don't Think I'm Not,230,Rock,8/5/2000,10/7/2000,9,24,66,9,66,41,66,66,66,61,49,42,36,33,28,24,26,26,28,29,27,31,31,26,25,25,30,40,36,41,,,,,,,,,,,,,,,,,,,,,,,,,,,,,,,,,,,,,,,,,
Sammie,I Like It,249,Rock,1/29/2000,4/15/2000,11,20,93,11,85,89,85,68,58,44,40,33,30,29,37,29,29,24,36,46,52,61,83,93,91,89,,,,,,,,,,,,,,,,,,,,,,,,,,,,,,,,,,,,,,,,,,,,,
Goo Goo Dolls,Broadway,234,Rock,4/22/2000,7/1/2000,10,20,87,10,74,87,74,58,53,42,35,31,29,25,29,26,24,33,46,48,57,62,74,82,85,87,,,,,,,,,,,,,,,,,,,,,,,,,,,,,,,,,,,,,,,,,,,,,
"Moore, Mandy",I Wanna Be With You,252,Pop,6/17/2000,8/12/2000,8,23,99,8,69,86,69,63,54,50,45,42,31,28,24,34,42,53,65,66,77,94,99,,,,,93,91,91,90,89,86,,,,,,,,,,,,,,,,,,,,,,,,,,,,,,,,,,,,,,
Dr. Dre,Forgot About Dre,222,Rap,1/22/2000,3/25/2000,9,20,82,9,75,82,75,55,47,36,36,30,30,31,26,25,25,26,26,28,34,47,58,68,80,82,,,,,,,,,,,,,,,,,,,,,,,,,,,,,,,,,,,,,,,,,,,,,
D'Angelo,Untitled (How Does It Feel),430,R&B,1/22/2000,2/19/2000,4,17,94,4,77,94,77,56,35,26,25,25,28,28,31,35,39,44,51,60,73,79,94,,,,,,,,,,,,,,,,,,,,,,,,,,,,,,,,,,,,,,,,,,,,,,,,
"Messina, Jo Dee",That's The Way,197,Country,6/24/2000,8/26/2000,9,20,78,9,78,59,78,67,63,54,50,44,38,30,27,25,31,28,30,28,32,35,48,46,51,59,,,,,,,,,,,,,,,,,,,,,,,,,,,,,,,,,,,,,,,,,,,,,
Avant,My First Love,268,Rock'n'roll,11/4/2000,12/16/2000,6,20,81,6,70,79,70,62,56,43,39,33,26,26,26,31,32,31,38,38,52,57,64,73,81,79,,,,,,,,,,,,,,,,,,,,,,,,,,,,,,,,,,,,,,,,,,,,,
Son By Four,A Puro Dolor (Purest Of Pain),210,Latin,4/8/2000,8/19/2000,19,26,80,19,80,35,80,80,80,79,72,73,65,64,60,60,48,48,48,43,35,32,30,32,37,26,31,28,30,32,39,35,,,,,,,,,,,,,,,,,,,,,,,,,,,,,,,,,,,,,,,
Da Brat,What'Chu Like,237,Rap,6/3/2000,8/12/2000,10,20,71,10,71,68,71,65,54,54,51,41,41,33,28,31,26,28,36,39,49,58,62,65,68,68,,,,,,,,,,,,,,,,,,,,,,,,,,,,,,,,,,,,,,,,,,,,,
DMX,Party Up (Up In Here),225,Rap,2/26/2000,4/22/2000,8,21,88,8,88,43,88,74,62,56,49,44,38,32,27,27,27,27,27,28,28,33,35,42,44,46,43,,,,,,,,,,,,,,,,,,,,,,,,,,,,,,,,,,,,,,,,,,,,
"Dixie Chicks, The",Cowboy Take Me Away,291,Country,11/27/1999,1/29/2000,9,20,79,9,79,59,79,72,70,61,52,52,52,39,31,27,27,27,31,37,40,47,51,56,59,59,,,,,,,,,,,,,,,,,,,,,,,,,,,,,,,,,,,,,,,,,,,,,
"McGraw, Tim",My Next Thirty Years,217,Country,10/21/2000,12/16/2000,8,20,73,8,73,62,73,62,56,52,46,40,36,31,27,27,28,40,33,33,39,40,48,53,58,62,,,,,,,,,,,,,,,,,,,,,,,,,,,,,,,,,,,,,,,,,,,,,
"Tritt, Travis",Best Of Intentions,255,Country,8/19/2000,12/2/2000,15,22,97,15,97,48,97,86,79,70,63,56,50,48,51,38,33,31,28,28,28,27,29,31,37,45,49,48,,,,,,,,,,,,,,,,,,,,,,,,,,,,,,,,,,,,,,,,,,,
Alice Deejay,Better Off Alone,410,Electronica,4/8/2000,6/3/2000,8,20,86,8,79,86,79,65,53,48,45,36,34,29,27,30,36,37,39,49,57,63,65,68,79,86,,,,,,,,,,,,,,,,,,,,,,,,,,,,,,,,,,,,,,,,,,,,,
Hoku,Another Dumb Blonde,227,Pop,2/19/2000,4/8/2000,7,14,100,7,69,100,69,49,49,34,34,34,30,27,36,41,53,56,80,100,,,,,,,,,,,,,,,,,,,,,,,,,,,,,,,,,,,,,,,,,,,,,,,,,,,
"Houston, Whitney",I Learned From The Best,258,Rock,2/19/2000,3/25/2000,5,11,83,5,83,82,83,83,83,40,28,27,28,36,53,73,82,,,,,,,,,,,,,,,,,,,,,,,,,,,,,,,,,,,,,,,,,,,,,,,,,,,,,,
Counting Crows,Hanginaround,247,Rock,11/6/1999,1/29/2000,12,20,84,12,84,66,84,70,66,60,46,37,35,35,35,32,29,29,28,32,38,48,56,59,61,66,,,,,,,,,,,,,,,,,,,,,,,,,,,,,,,,,,,,,,,,,,,,,
Mary Mary,Shackles (Praise You),192,Rock,3/25/2000,5/13/2000,7,20,94,7,90,94,90,76,72,54,43,37,34,28,33,30,31,39,43,53,60,70,71,76,84,94,,,,,,,,,,,,,,,,,,,,,,,,,,,,,,,,,,,,,,,,,,,,,
"Carey, Mariah",Crybaby,319,Rock,6/24/2000,6/24/2000,0,7,95,0,28,95,28,34,48,62,77,90,95,,,,,,,,,,,,,,,,,,,,,,,,,,,,,,,,,,,,,,,,,,,,,,,,,,,,,,,,,,
"McGraw, Tim",My Best Friend,273,Country,11/27/1999,1/29/2000,9,21,85,9,85,48,85,76,71,64,54,54,55,46,38,29,29,33,32,31,36,38,39,41,46,49,48,,,,,,,,,,,,,,,,,,,,,,,,,,,,,,,,,,,,,,,,,,,,
Sugar Ray,Falls Apart,255,Rock,1/15/2000,2/19/2000,5,20,100,5,70,100,70,64,54,40,34,29,29,32,32,37,47,49,52,60,76,80,89,97,98,100,,,,,,,,,,,,,,,,,,,,,,,,,,,,,,,,,,,,,,,,,,,,,
Madonna,American Pie,270,Rock,2/19/2000,3/4/2000,2,9,88,2,43,88,43,35,29,29,33,32,40,58,88,,,,,,,,,,,,,,,,,,,,,,,,,,,,,,,,,,,,,,,,,,,,,,,,,,,,,,,,
"Jones, Donell",Where I Wanna Be,382,Rock,4/22/2000,7/8/2000,11,20,81,11,81,62,81,71,65,50,41,41,36,41,38,35,33,29,36,34,34,40,42,49,55,62,,,,,,,,,,,,,,,,,,,,,,,,,,,,,,,,,,,,,,,,,,,,,
"Paisley, Brad",We Danced,225,Country,10/14/2000,12/16/2000,9,20,86,9,71,86,71,68,52,52,45,42,39,34,34,29,36,42,55,53,57,64,72,84,83,86,,,,,,,,,,,,,,,,,,,,,,,,,,,,,,,,,,,,,,,,,,,,,
Lonestar,What About Now,210,Country,6/10/2000,8/19/2000,10,20,78,10,78,69,78,72,66,64,56,50,47,39,37,34,30,30,35,36,37,43,54,60,61,69,,,,,,,,,,,,,,,,,,,,,,,,,,,,,,,,,,,,,,,,,,,,,
"Backstreet Boys, The",The One,226,Rock,5/27/2000,7/1/2000,5,15,100,5,58,100,58,50,43,37,31,30,39,47,55,61,76,90,93,93,100,,,,,,,,,,,,,,,,,,,,,,,,,,,,,,,,,,,,,,,,,,,,,,,,,,
"Keith, Toby",How Do You Like Me Now?!,209,Country,1/29/2000,4/8/2000,10,20,77,10,77,54,77,72,59,53,45,43,41,36,36,32,31,31,35,35,38,43,45,51,52,54,,,,,,,,,,,,,,,,,,,,,,,,,,,,,,,,,,,,,,,,,,,,,
"Strait, George",The Best Day,204,Country,1/29/2000,4/22/2000,12,20,73,12,73,62,73,64,54,45,44,44,44,41,39,34,33,33,31,33,36,39,43,49,53,62,,,,,,,,,,,,,,,,,,,,,,,,,,,,,,,,,,,,,,,,,,,,,
"Dixie Chicks, The",Without You,212,Country,10/7/2000,12/23/2000,11,20,80,11,80,54,80,70,63,56,50,49,48,46,41,40,35,31,33,44,36,35,37,43,51,54,,,,,,,,,,,,,,,,,,,,,,,,,,,,,,,,,,,,,,,,,,,,,
Musiq,Just Friends (Sunny),242,Rap,10/14/2000,12/30/2000,11,20,89,11,89,68,89,83,65,55,54,54,52,44,41,34,32,31,35,34,41,41,48,54,58,68,,,,,,,,,,,,,,,,,,,,,,,,,,,,,,,,,,,,,,,,,,,,,
"McEntire, Reba",What Do You Say,206,Country,10/30/1999,1/29/2000,13,20,88,13,88,71,88,76,71,71,69,63,56,51,46,46,53,43,33,31,34,41,50,60,68,71,,,,,,,,,,,,,,,,,,,,,,,,,,,,,,,,,,,,,,,,,,,,,
"Braxton, Toni",Just Be A Man About It,250,Rock,7/29/2000,9/2/2000,5,20,90,5,76,90,76,69,51,42,37,32,32,34,34,38,50,53,53,63,65,72,79,84,89,90,,,,,,,,,,,,,,,,,,,,,,,,,,,,,,,,,,,,,,,,,,,,,
"Iglesias, Enrique",Rhythm Divine,455,Latin,12/4/1999,1/22/2000,7,17,96,7,90,96,90,84,79,67,67,39,33,32,38,38,49,51,61,61,66,88,96,,,,,,,,,,,,,,,,,,,,,,,,,,,,,,,,,,,,,,,,,,,,,,,,
"Fabian, Lara",I Will Love Again,223,Pop,6/10/2000,8/12/2000,9,17,96,9,91,96,91,80,75,61,60,52,45,40,36,32,37,45,68,80,80,89,96,,,,,,,,,,,,,,,,,,,,,,,,,,,,,,,,,,,,,,,,,,,,,,,,
Bon Jovi,It's My Life,224,Rock,8/12/2000,9/30/2000,7,20,87,7,64,87,64,58,51,51,48,45,36,33,34,34,35,34,39,44,51,58,61,84,85,87,,,,,,,,,,,,,,,,,,,,,,,,,,,,,,,,,,,,,,,,,,,,,
"Evans, Sara",Born To Fly,336,Country,10/21/2000,12/30/2000,10,20,86,10,77,86,77,71,64,57,55,51,46,44,36,39,34,46,44,36,42,53,58,74,81,86,,,,,,,,,,,,,,,,,,,,,,,,,,,,,,,,,,,,,,,,,,,,,
"Chesney, Kenny",I Lost It,234,Country,10/21/2000,12/23/2000,9,20,92,9,75,92,75,67,61,58,58,53,47,47,40,34,36,45,42,45,60,70,82,88,89,92,,,,,,,,,,,,,,,,,,,,,,,,,,,,,,,,,,,,,,,,,,,,,
J-Shin,One Night Stand,274,R&B,12/25/1999,2/26/2000,9,17,99,9,96,99,96,96,69,74,72,62,49,45,38,34,38,45,47,58,68,88,99,,,,,,,,,,,,,,,,,,,,,,,,,,,,,,,,,,,,,,,,,,,,,,,,
Eve,Love Is Blind,231,Rap,1/8/2000,2/19/2000,6,16,99,6,94,99,94,91,57,46,46,40,34,39,42,46,50,59,66,78,87,99,,,,,,,,,,,,,,,,,,,,,,,,,,,,,,,,,,,,,,,,,,,,,,,,,
Aaliyah,I Don't Wanna,255,Rock,1/29/2000,3/4/2000,5,20,86,5,84,86,84,62,51,41,38,35,35,38,38,36,37,37,38,49,61,63,62,67,83,86,,,,,,,,,,,,,,,,,,,,,,,,,,,,,,,,,,,,,,,,,,,,,
"Montgomery, John Michael",The Little Girl,232,Country,9/9/2000,10/28/2000,7,20,83,7,81,74,81,67,64,56,45,41,41,35,35,38,37,42,45,50,57,63,62,83,74,74,,,,,,,,,,,,,,,,,,,,,,,,,,,,,,,,,,,,,,,,,,,,,
"Carter, Aaron",Aaron's Party (Come Get It),203,R&B,8/26/2000,9/16/2000,3,15,100,3,99,100,99,75,57,35,35,37,43,79,51,55,67,83,86,92,100,,,,,,,,,,,,,,,,,,,,,,,,,,,,,,,,,,,,,,,,,,,,,,,,,,
"Vassar, Phil",Just Another Day In Paradise,234,Country,9/30/2000,12/2/2000,9,20,81,9,81,79,81,81,76,67,53,46,43,38,36,35,43,41,46,51,62,58,63,70,74,79,,,,,,,,,,,,,,,,,,,,,,,,,,,,,,,,,,,,,,,,,,,,,
Ice Cube,You Can Do It,260,Rap,12/4/1999,1/15/2000,6,12,89,6,86,89,86,66,50,42,42,40,35,46,45,54,73,89,,,,,,,,,,,,,,,,,,,,,,,,,,,,,,,,,,,,,,,,,,,,,,,,,,,,,
"Wills, Mark",Back At One,240,Country,1/15/2000,2/26/2000,6,18,99,6,89,99,89,55,51,43,37,37,36,39,42,46,45,52,64,74,84,90,94,99,,,,,,,,,,,,,,,,,,,,,,,,,,,,,,,,,,,,,,,,,,,,,,,
Lucy Pearl,Dance Tonight,225,R&B,5/20/2000,7/29/2000,10,19,92,10,80,92,80,75,63,59,55,49,42,42,40,40,36,43,46,54,72,84,84,86,92,,,,,,,,,,,,,,,,,,,,,,,,,,,,,,,,,,,,,,,,,,,,,,
"Jackson, Alan",It Must Be Love,173,Country,6/24/2000,9/2/2000,10,20,89,10,76,89,76,74,68,63,57,49,44,39,39,38,37,37,40,47,62,64,75,80,84,89,,,,,,,,,,,,,,,,,,,,,,,,,,,,,,,,,,,,,,,,,,,,,
"Griggs, Andy",She's More,199,Country,3/11/2000,6/10/2000,13,20,85,13,81,85,81,76,69,67,62,55,52,51,51,48,47,43,42,37,41,50,69,73,77,85,,,,,,,,,,,,,,,,,,,,,,,,,,,,,,,,,,,,,,,,,,,,,
No Doubt,Simple Kind Of Life,251,Rock,7/1/2000,7/22/2000,3,13,100,3,50,98,50,40,39,38,38,48,52,55,80,85,88,100,98,,,,,,,,,,,,,,,,,,,,,,,,,,,,,,,,,,,,,,,,,,,,,,,,,,,,
"Jean, Wyclef",911,240,Rap,10/7/2000,11/25/2000,7,19,96,7,77,96,77,74,64,61,53,48,43,38,42,38,44,49,53,61,66,68,80,85,96,,,,,,,,,,,,,,,,,,,,,,,,,,,,,,,,,,,,,,,,,,,,,,
Rascal Flatts,Prayin' For Daylight,216,Country,5/6/2000,8/12/2000,14,20,87,14,87,77,87,78,72,68,66,64,58,58,56,54,49,46,46,41,38,38,47,65,72,77,,,,,,,,,,,,,,,,,,,,,,,,,,,,,,,,,,,,,,,,,,,,,
Vitamin C,Graduation (Friends Forever),263,Rock,4/15/2000,6/10/2000,8,12,87,8,81,87,81,64,54,54,46,40,40,40,38,42,57,87,,,,,,,,,,,,,,,,,,,,,,,,,,,,,,,,,,,,,,,,,,,,,,,,,,,,,
"Gilman, Billy",One Voice,247,Country,6/17/2000,9/2/2000,11,19,97,11,86,97,86,86,82,72,65,56,56,55,44,44,43,38,40,44,61,77,85,95,97,,,,,,,,,,,,,,,,,,,,,,,,,,,,,,,,,,,,,,,,,,,,,,
Lonestar,Smile,213,Country,12/18/1999,2/12/2000,8,20,91,8,89,91,89,80,80,80,65,47,44,42,39,39,43,41,43,45,50,58,67,78,85,91,,,,,,,,,,,,,,,,,,,,,,,,,,,,,,,,,,,,,,,,,,,,,
"Rogers, Kenny",Buy Me A Rose,226,Country,3/11/2000,5/6/2000,8,20,91,8,79,91,79,72,65,65,54,46,46,43,40,40,46,54,58,66,73,82,86,84,88,91,,,,,,,,,,,,,,,,,,,,,,,,,,,,,,,,,,,,,,,,,,,,,
"Lawrence, Tracy",Lessons Learned,175,Country,1/29/2000,4/8/2000,10,20,100,10,80,100,80,73,61,61,48,48,48,48,44,42,40,40,50,66,81,93,94,99,99,100,,,,,,,,,,,,,,,,,,,,,,,,,,,,,,,,,,,,,,,,,,,,,
"Strait, George",Go On,228,Country,8/26/2000,10/28/2000,9,20,97,9,71,97,71,67,63,56,53,48,46,46,44,40,44,46,49,56,56,71,78,88,95,,97,,,,,,,,,,,,,,,,,,,,,,,,,,,,,,,,,,,,,,,,,,,,
Sisqo,Got To Get It,232,Rock,11/20/1999,1/22/2000,9,20,95,9,92,95,92,76,73,58,48,48,48,48,49,40,43,51,50,57,63,64,68,82,88,95,,,,,,,,,,,,,,,,,,,,,,,,,,,,,,,,,,,,,,,,,,,,,
Baha Men,Who Let The Dogs Out,197,R&B,7/22/2000,10/21/2000,13,20,99,13,99,84,99,92,85,76,65,54,61,58,54,54,53,53,43,40,44,41,51,65,78,84,,,,,,,,,,,,,,,,,,,,,,,,,,,,,,,,,,,,,,,,,,,,,
"Walker, Clay",The Chain Of Love,303,Country,4/15/2000,6/10/2000,8,20,95,8,73,95,73,65,57,57,51,48,44,43,40,45,44,53,57,68,71,81,90,94,94,95,,,,,,,,,,,,,,,,,,,,,,,,,,,,,,,,,,,,,,,,,,,,,
"McBride, Martina",Love's The Only House,313,Country,2/5/2000,4/15/2000,10,20,93,10,79,90,79,69,65,58,53,52,52,48,45,43,42,42,50,60,64,75,91,93,92,90,,,,,,,,,,,,,,,,,,,,,,,,,,,,,,,,,,,,,,,,,,,,,
Amber,Sexual (Li Da Di),278,Rock,7/17/1999,2/12/2000,30,29,100,30,99,50,99,99,96,96,100,93,93,96,,,99,,96,96,99,98,98,,95,88,88,79,76,69,69,59,58,58,49,44,42,46,50,,,,,,,,,,,,,,,,,,,,,,,,,,,,,,,,
"Tippin, Aaron",Kiss This,173,Country,8/26/2000,10/21/2000,8,20,99,8,74,99,74,72,66,53,52,47,47,45,42,46,51,60,68,69,78,94,87,92,97,99,,,,,,,,,,,,,,,,,,,,,,,,,,,,,,,,,,,,,,,,,,,,,
SheDaisy,I Will.. But,220,Country,7/15/2000,9/16/2000,9,20,87,9,78,87,78,74,70,61,59,52,48,47,45,43,44,43,52,56,70,80,86,81,85,87,,,,,,,,,,,,,,,,,,,,,,,,,,,,,,,,,,,,,,,,,,,,,
"Raye, Collin",Couldn't Last A Moment,220,Country,3/18/2000,6/24/2000,14,20,91,14,91,89,91,85,75,73,67,63,63,63,56,49,48,46,44,44,43,45,53,66,73,89,,,,,,,,,,,,,,,,,,,,,,,,,,,,,,,,,,,,,,,,,,,,,
Black Rob,Whoa!,244,Rap,3/4/2000,4/15/2000,6,17,97,6,78,97,78,59,53,52,47,46,43,47,47,58,54,57,70,85,84,93,97,,,,,,,,,,,,,,,,,,,,,,,,,,,,,,,,,,,,,,,,,,,,,,,,
"Jackson, Alan",Pop A Top,184,Country,11/13/1999,1/22/2000,10,17,100,10,79,100,79,73,70,64,63,57,55,55,63,52,43,47,55,78,95,100,,100,,,,,,,,,,,,,,,,,,,,,,,,,,,,,,,,,,,,,,,,,,,,,,,
"Black, Clint",Been There,328,Country,2/19/2000,4/15/2000,8,20,100,8,87,100,87,73,62,58,58,57,51,47,44,44,44,55,53,53,63,84,85,87,95,100,,,,,,,,,,,,,,,,,,,,,,,,,,,,,,,,,,,,,,,,,,,,,
Common,The Light,235,Rap,8/5/2000,9/9/2000,5,19,99,5,75,99,75,55,53,49,46,44,49,51,51,56,52,56,70,82,86,89,93,93,99,,,,,,,,,,,,,,,,,,,,,,,,,,,,,,,,,,,,,,,,,,,,,,
"Vassar, Phil",Carlene,247,Country,3/4/2000,4/22/2000,7,19,96,7,75,93,75,67,64,64,57,53,47,45,45,50,52,56,59,78,83,84,91,96,93,,,,,,,,,,,,,,,,,,,,,,,,,,,,,,,,,,,,,,,,,,,,,,
"Jackson, Alan",www.memory,156,Country,11/4/2000,12/23/2000,7,15,99,7,75,99,75,59,59,54,50,49,47,45,49,69,63,67,77,89,99,,,,,,,,,,,,,,,,,,,,,,,,,,,,,,,,,,,,,,,,,,,,,,,,,,
Vitamin C,The Itch,210,Rock'n'roll,12/2/2000,12/16/2000,2,9,100,2,86,100,86,48,45,52,57,58,76,95,100,,,,,,,,,,,,,,,,,,,,,,,,,,,,,,,,,,,,,,,,,,,,,,,,,,,,,,,,
"Eastsidaz, The",G'D Up,267,Rap,1/8/2000,2/12/2000,5,14,94,5,77,94,77,77,89,64,57,47,47,55,65,69,83,82,90,94,,,,,,,,,,,,,,,,,,,,,,,,,,,,,,,,,,,,,,,,,,,,,,,,,,,
Ideal,Whatever,228,R&B,6/10/2000,8/19/2000,10,18,92,10,75,90,75,75,67,73,64,56,54,54,54,48,47,50,60,68,73,81,92,90,,,,,,,,,,,,,,,,,,,,,,,,,,,,,,,,,,,,,,,,,,,,,,,
"Thomas, Carl",Emotional,271,Rock,11/25/2000,12/30/2000,5,20,99,5,77,99,77,63,61,58,54,47,53,52,49,52,60,62,69,69,63,76,87,82,91,99,,,,,,,,,,,,,,,,,,,,,,,,,,,,,,,,,,,,,,,,,,,,,
Ginuwine,None Of Ur Friends Business,252,Rock,12/11/1999,1/22/2000,6,15,94,6,94,92,94,84,71,71,60,63,48,48,48,55,64,71,85,85,92,,,,,,,,,,,,,,,,,,,,,,,,,,,,,,,,,,,,,,,,,,,,,,,,,,
"Davidson, Clay",Unconditional,236,Country,3/25/2000,6/17/2000,12,20,97,12,97,83,97,97,97,90,83,78,74,69,60,56,54,50,49,55,52,51,51,62,63,83,,,,,,,,,,,,,,,,,,,,,,,,,,,,,,,,,,,,,,,,,,,,,
DMX,What You Want,245,Rap,7/1/2000,9/23/2000,12,20,100,12,98,100,98,95,95,87,86,79,62,60,58,57,52,55,49,57,62,65,87,89,99,100,,,,,,,,,,,,,,,,,,,,,,,,,,,,,,,,,,,,,,,,,,,,,
"John, Elton",Someday Out Of The Blue,281,Rock,4/22/2000,5/6/2000,2,15,99,2,56,99,56,56,49,59,67,60,64,73,81,90,93,89,98,94,99,,,,,,,,,,,,,,,,,,,,,,,,,,,,,,,,,,,,,,,,,,,,,,,,,,
Pearl Jam,Nothing As It Seems,320,Rock,5/13/2000,5/13/2000,0,6,93,0,49,91,49,70,84,89,93,91,,,,,,,,,,,,,,,,,,,,,,,,,,,,,,,,,,,,,,,,,,,,,,,,,,,,,,,,,,,
Mya,The Best Of Me,252,Rock,4/15/2000,5/20/2000,5,17,97,5,85,97,85,70,65,62,55,50,50,56,61,61,72,84,81,86,86,94,97,,,,,,,,,,,,,,,,,,,,,,,,,,,,,,,,,,,,,,,,,,,,,,,,
"Heatherly, Eric",Flowers On The Wall,196,Country,4/29/2000,8/12/2000,15,20,95,15,95,89,95,88,88,82,82,77,72,67,65,65,65,60,60,53,51,50,57,77,83,89,,,,,,,,,,,,,,,,,,,,,,,,,,,,,,,,,,,,,,,,,,,,,
Eminem,Stan,326,Rap,11/4/2000,12/2/2000,4,15,100,4,78,100,78,67,57,57,51,51,51,57,55,70,69,77,88,93,100,,,,,,,,,,,,,,,,,,,,,,,,,,,,,,,,,,,,,,,,,,,,,,,,,,
"McEntire, Reba",I'll Be,263,Country,5/13/2000,7/29/2000,11,20,100,11,89,100,89,79,79,72,69,64,61,57,55,55,52,51,53,60,81,84,93,91,94,100,,,,,,,,,,,,,,,,,,,,,,,,,,,,,,,,,,,,,,,,,,,,,
"Lopez, Jennifer",Feelin' Good,268,Latin,2/19/2000,4/8/2000,7,17,96,7,79,96,79,79,66,54,54,54,54,51,61,79,96,,,64,74,73,79,82,96,,,,,,,,,,,,,,,,,,,,,,,,,,,,,,,,,,,,,,,,,,,,,,
"Urban, Keith",Your Everything,250,Country,7/15/2000,9/16/2000,9,16,100,9,81,100,81,80,73,73,67,64,60,59,53,51,55,66,84,90,96,100,,,,,,,,,,,,,,,,,,,,,,,,,,,,,,,,,,,,,,,,,,,,,,,,,
TLC,Dear Lie,276,Rock,2/12/2000,3/4/2000,3,7,92,3,63,92,63,55,52,51,56,74,92,,,,,,,,,,,,,,,,,,,,,,,,,,,,,,,,,,,,,,,,,,,,,,,,,,,,,,,,,,
"Gill, Vince",Feels Like Love,253,Country,9/2/2000,11/18/2000,11,20,99,11,82,89,82,76,74,73,73,65,59,58,54,54,53,52,55,52,57,76,91,99,,91,89,,,,,,,,,,,,,,,,,,,,,,,,,,,,,,,,,,,,,,,,,,,,
"Houston, Whitney",Could I Have This Kiss Forever,234,Rock,6/17/2000,8/5/2000,7,19,100,7,74,97,74,68,68,67,59,59,60,52,54,56,59,70,69,81,87,95,98,100,,97,,,,,,,,,,,,,,,,,,,,,,,,,,,,,,,,,,,,,,,,,,,,,
Bloodhound Gang,The Bad Touch,260,R&B,3/18/2000,4/15/2000,4,12,98,4,70,98,70,62,55,55,52,57,72,80,82,92,96,98,,,,,,,,,,,,,,,,,,,,,,,,,,,,,,,,,,,,,,,,,,,,,,,,,,,,,
"Williams, Robbie",Angels,236,Rock,11/20/1999,1/22/2000,9,19,96,9,85,95,85,77,69,69,62,56,56,64,54,53,72,83,81,88,96,93,91,89,95,,,,,,,,,,,,,,,,,,,,,,,,,,,,,,,,,,,,,,,,,,,,,,
"Messina, Jo Dee",Because You Love Me,230,Country,1/29/2000,3/11/2000,6,13,93,6,83,93,83,78,71,71,66,55,53,57,61,61,61,72,93,,,,,,,,,,,,,,,,,,,,,,,,,,,,,,,,,,,,,,,,,,,,,,,,,,,,
"Keith, Toby",Country Comes To Town,219,Country,8/5/2000,10/14/2000,10,15,95,10,82,93,82,78,75,69,66,62,59,58,55,55,54,62,81,95,93,,,,,,,,,,,,,,,,,,,,,,,,,,,,,,,,,,,,,,,,,,,,,,,,,,
Beenie Man,Girls Dem Sugar,257,Reggae,10/21/2000,12/2/2000,6,15,95,6,72,95,72,72,63,56,62,63,54,60,69,75,84,92,85,84,95,,,,,,,,,,,,,,,,,,,,,,,,,,,,,,,,,,,,,,,,,,,,,,,,,,
"Hill, Faith",Let's Make Love,251,Rap,8/12/2000,10/21/2000,10,14,91,10,83,91,83,83,73,73,67,60,60,60,57,55,54,69,88,91,,,,,,,,,,,,,,,,,,,,,,,,,,,,,,,,,,,,,,,,,,,,,,,,,,,
Kelis,Caught Out There,249,R&B,12/4/1999,1/8/2000,5,12,90,5,84,90,84,68,67,63,63,54,56,59,68,67,75,90,,,,,,,,,,,,,,,,,,,,,,,,,,,,,,,,,,,,,,,,,,,,,,,,,,,,,
Jay-Z,Anything,221,Rap,2/26/2000,3/11/2000,2,8,92,2,72,92,72,58,55,55,63,74,86,92,,,,,,,,,,,,,,,,,,,,,,,,,,,,,,,,,,,,,,,,,,,,,,,,,,,,,,,,,
3 Doors Down,Loser,264,Rock,10/21/2000,12/2/2000,6,20,76,6,76,70,76,76,72,69,67,65,55,59,62,61,61,59,61,66,72,76,75,67,73,70,,,,,,,,,,,,,,,,,,,,,,,,,,,,,,,,,,,,,,,,,,,,,
Brooks & Dunn,You'll Always Be Loved By Me,178,Country,6/10/2000,9/9/2000,13,19,100,13,95,98,95,85,85,85,83,83,82,74,74,68,62,56,56,55,62,71,86,100,98,,,,,,,,,,,,,,,,,,,,,,,,,,,,,,,,,,,,,,,,,,,,,,
"Chesney, Kenny",What I Need To Do,245,Country,4/1/2000,6/10/2000,10,17,95,10,79,95,79,74,68,72,69,69,62,58,57,57,56,56,56,72,80,93,95,,,,,,,,,,,,,,,,,,,,,,,,,,,,,,,,,,,,,,,,,,,,,,,,
"Stone, Angie",No More Rain (In This Cloud),282,R&B,12/25/1999,1/22/2000,4,17,100,4,86,100,86,86,74,66,56,60,56,60,67,69,63,73,71,81,89,98,100,,,,,,,,,,,,,,,,,,,,,,,,,,,,,,,,,,,,,,,,,,,,,,,,
Da Brat,That's What I'm Looking For,224,Rap,2/26/2000,4/15/2000,7,18,100,7,93,100,93,73,60,60,60,60,63,56,58,70,71,72,90,94,94,94,94,100,,,,,,,,,,,,,,,,,,,,,,,,,,,,,,,,,,,,,,,,,,,,,,,
SheDaisy,This Woman Needs,200,Country,2/5/2000,3/4/2000,4,9,82,4,82,82,82,70,70,67,57,57,61,68,82,,,,,,,,,,,,,,,,,,,,,,,,,,,,,,,,,,,,,,,,,,,,,,,,,,,,,,,,
Papa Roach,Last Resort,199,Rock,7/29/2000,12/2/2000,18,20,75,18,75,72,75,71,69,69,66,64,61,61,66,64,63,60,65,66,62,66,64,64,57,72,,,,,,,,,,,,,,,,,,,,,,,,,,,,,,,,,,,,,,,,,,,,,
"Adams, Yolanda",Open My Heart,330,Gospel,8/26/2000,10/21/2000,8,20,89,8,76,89,76,76,74,69,68,67,61,58,57,59,66,68,61,67,59,63,67,71,79,89,,,,,,,,,,,,,,,,,,,,,,,,,,,,,,,,,,,,,,,,,,,,,
Shyne,Bad Boyz,262,Rap,9/9/2000,10/28/2000,7,15,100,7,94,100,94,87,90,90,82,67,61,57,71,78,74,81,88,96,100,,,,,,,,,,,,,,,,,,,,,,,,,,,,,,,,,,,,,,,,,,,,,,,,,,
R.E.M.,The Great Beyond,250,Rock,12/25/1999,1/29/2000,5,14,91,5,79,91,79,79,70,62,60,57,61,66,60,59,60,63,79,91,,,,,,,,,,,,,,,,,,,,,,,,,,,,,,,,,,,,,,,,,,,,,,,,,,,
"Diffie, Joe",It's Always Somethin',175,Country,8/12/2000,9/16/2000,5,14,100,5,81,100,81,78,67,63,60,57,63,69,78,85,92,92,,99,100,,,,,,,,,,,,,,,,,,,,,,,,,,,,,,,,,,,,,,,,,,,,,,,,,,
"McGraw, Tim",Some Things Never Change,236,Country,5/13/2000,7/1/2000,7,14,93,7,76,93,76,66,66,65,63,60,60,58,58,58,58,59,70,93,,,,,,,,,,,,,,,,,,,,,,,,,,,,,,,,,,,,,,,,,,,,,,,,,,,
"Henley, Don",Taking You Home,248,Rock,6/24/2000,8/5/2000,6,20,90,6,79,87,79,77,74,73,66,62,58,58,61,68,71,71,79,83,85,87,83,90,87,87,,,,,,,,,,,,,,,,,,,,,,,,,,,,,,,,,,,,,,,,,,,,,
Eminem,The Way I Am,280,Rap,8/26/2000,9/30/2000,5,10,89,5,87,86,87,74,59,65,59,58,59,62,89,86,,,,,,,,,,,,,,,,,,,,,,,,,,,,,,,,,,,,,,,,,,,,,,,,,,,,,,,
Nas,You Owe Me,231,R&B,3/25/2000,4/15/2000,3,16,96,3,74,96,74,72,68,59,59,59,67,67,63,69,75,82,79,88,95,96,,,,,,,,,,,,,,,,,,,,,,,,,,,,,,,,,,,,,,,,,,,,,,,,,
Sister Hazel,Change Your Mind,242,Rock,7/15/2000,8/5/2000,3,20,100,3,75,98,75,67,66,59,63,71,78,81,78,78,84,87,94,91,93,95,100,98,96,98,,,,,,,,,,,,,,,,,,,,,,,,,,,,,,,,,,,,,,,,,,,,,
Puff Daddy,Best Friend,333,Rap,2/12/2000,2/19/2000,1,5,99,1,65,99,65,59,62,79,99,,,,,,,,,,,,,,,,,,,,,,,,,,,,,,,,,,,,,,,,,,,,,,,,,,,,,,,,,,,,
"McBride, Martina",There You Are,206,Country,9/9/2000,10/21/2000,6,13,92,6,79,92,79,75,75,75,73,64,60,60,60,63,63,82,92,,,,,,,,,,,,,,,,,,,,,,,,,,,,,,,,,,,,,,,,,,,,,,,,,,,,
Usher,Pop Ya Collar,216,Rock,11/4/2000,11/18/2000,2,7,93,2,68,93,68,64,60,60,62,79,93,,,,,,,,,,,,,,,,,,,,,,,,,,,,,,,,,,,,,,,,,,,,,,,,,,,,,,,,,,
Lil' Kim,No Matter What They Say,252,Rap,7/15/2000,8/5/2000,3,10,97,3,80,97,80,72,67,60,65,73,81,86,90,97,,,,,,,,,,,,,,,,,,,,,,,,,,,,,,,,,,,,,,,,,,,,,,,,,,,,,,,
LFO,I Don't Wanna Kiss You Goodnight,300,Rock,4/15/2000,4/22/2000,1,5,91,1,63,91,63,61,68,73,91,,,,,,,,,,,,,,,,,,,,,,,,,,,,,,,,,,,,,,,,,,,,,,,,,,,,,,,,,,,,
SheDaisy,Deck The Halls,226,Country,12/25/1999,1/1/2000,1,2,97,1,97,61,97,61,,,,,,,,,,,,,,,,,,,,,,,,,,,,,,,,,,,,,,,,,,,,,,,,,,,,,,,,,,,,,,,
Splender,I Think God Can Explain,235,R&B,6/10/2000,6/24/2000,2,12,100,2,71,100,71,66,62,62,62,64,65,71,81,89,95,100,,,,,,,,,,,,,,,,,,,,,,,,,,,,,,,,,,,,,,,,,,,,,,,,,,,,,
"Simpson, Jessica",Where You Are,231,Rock,4/1/2000,4/15/2000,2,6,93,2,73,93,73,66,62,62,76,93,,,,,,,,,,,,,,,,,,,,,,,,,,,,,,,,,,,,,,,,,,,,,,,,,,,,,,,,,,,
M2M,Mirror Mirror,199,Pop,4/1/2000,5/27/2000,8,18,96,8,87,96,87,87,94,91,75,68,65,86,62,70,74,70,70,80,82,87,90,96,,,,,,,,,,,,,,,,,,,,,,,,,,,,,,,,,,,,,,,,,,,,,,,
Kumbia Kings,U Don't Love Me,230,R&B,3/4/2000,3/18/2000,2,10,100,2,81,100,81,64,62,67,70,70,75,87,89,100,,,,,,,,,,,,,,,,,,,,,,,,,,,,,,,,,,,,,,,,,,,,,,,,,,,,,,,
Joe,Treat Her Like A Lady,252,Rock,8/5/2000,8/19/2000,2,17,100,2,77,100,77,75,63,63,69,64,68,67,72,79,78,84,85,90,89,99,100,,,,,,,,,,,,,,,,,,,,,,,,,,,,,,,,,,,,,,,,,,,,,,,,
"Blige, Mary J.",Deep Inside,326,Rock,11/13/1999,1/22/2000,10,15,94,10,83,94,83,80,80,75,75,73,64,64,65,67,63,67,75,85,94,,,,,,,,,,,,,,,,,,,,,,,,,,,,,,,,,,,,,,,,,,,,,,,,,,
"Price, Kelly",You Should've Told Me,192,Rock,9/23/2000,12/2/2000,10,20,93,10,91,92,91,91,91,87,86,79,79,75,70,68,64,64,68,70,74,90,86,85,93,92,,,,,,,,,,,,,,,,,,,,,,,,,,,,,,,,,,,,,,,,,,,,,
Changing Faces,That Other Woman,240,Rock,9/30/2000,10/28/2000,4,11,97,4,80,97,80,72,66,66,64,76,65,66,75,85,97,,,,,,,,,,,,,,,,,,,,,,,,,,,,,,,,,,,,,,,,,,,,,,,,,,,,,,
"Wright, Chely",It Was,231,R&B,3/4/2000,4/15/2000,6,10,98,6,86,98,86,78,75,72,71,69,64,75,85,98,,,,,,,,,,,,,,,,,,,,,,,,,,,,,,,,,,,,,,,,,,,,,,,,,,,,,,,
Limp Bizkit,Rollin',244,Rock'n'roll,11/11/2000,12/9/2000,4,17,100,4,77,100,77,73,72,66,65,65,67,73,74,78,80,86,86,91,93,96,100,,,,,,,,,,,,,,,,,,,,,,,,,,,,,,,,,,,,,,,,,,,,,,,,
Hot Boys,I Need A Hot Girl,256,Rap,2/19/2000,3/11/2000,3,13,100,3,77,100,77,75,71,65,65,70,69,77,79,90,92,95,100,,,,,,,,,,,,,,,,,,,,,,,,,,,,,,,,,,,,,,,,,,,,,,,,,,,,
Jay-Z,Do It Again (Put Ya Hands Up),227,Rap,1/15/2000,1/29/2000,2,9,96,2,95,95,95,68,65,65,74,84,92,96,95,,,,,,,,,,,,,,,,,,,,,,,,,,,,,,,,,,,,,,,,,,,,,,,,,,,,,,,,
"Adkins, Trace",More,185,Country,4/29/2000,6/17/2000,7,11,92,7,84,92,84,84,75,73,73,69,68,65,73,83,92,,,,,,,,,,,,,,,,,,,,,,,,,,,,,,,,,,,,,,,,,,,,,,,,,,,,,,
"Dixie Chicks, The",Cold Day In July,312,Country,6/24/2000,8/5/2000,6,10,91,6,80,91,80,79,76,72,68,68,65,70,84,91,,,,,,,,,,,,,,,,,,,,,,,,,,,,,,,,,,,,,,,,,,,,,,,,,,,,,,,
"Price, Kelly",As We Lay,380,Rock'n'roll,7/15/2000,8/5/2000,3,8,89,3,82,89,82,69,69,64,71,79,82,89,,,,,,,,,,,,,,,,,,,,,,,,,,,,,,,,,,,,,,,,,,,,,,,,,,,,,,,,,
DMX,What's My Name,230,Rap,1/15/2000,2/12/2000,4,11,100,4,98,100,98,76,69,69,67,73,76,90,90,94,100,,,,,,,,,,,,,,,,,,,,,,,,,,,,,,,,,,,,,,,,,,,,,,,,,,,,,,
"Martin, Ricky",Private Emotion,242,Latin,3/11/2000,3/18/2000,1,5,89,1,76,89,76,67,71,78,89,,,,,,,,,,,,,,,,,,,,,,,,,,,,,,,,,,,,,,,,,,,,,,,,,,,,,,,,,,,,
Nine Days,If I Am,258,Rock'n'roll,12/2/2000,12/2/2000,0,5,100,0,68,100,68,68,81,94,100,,,,,,,,,,,,,,,,,,,,,,,,,,,,,,,,,,,,,,,,,,,,,,,,,,,,,,,,,,,,
"Blige, Mary J.",Give Me You,300,Rock'n'roll,4/15/2000,5/13/2000,4,9,100,4,97,100,97,94,77,76,68,77,89,90,,100,,,,,,,,,,,,,,,,,,,,,,,,,,,,,,,,,,,,,,,,,,,,,,,,,,,,,,,
Red Hot Chili Peppers,Californication,321,Rock'n'roll,7/29/2000,10/14/2000,11,19,97,11,72,97,72,72,72,77,79,77,75,84,85,79,74,69,74,75,77,71,78,89,97,,,,,,,,,,,,,,,,,,,,,,,,,,,,,,,,,,,,,,,,,,,,,,
Third Eye Blind,Deep Inside Of You,250,Rock'n'roll,9/2/2000,10/7/2000,5,12,97,5,80,93,80,73,70,70,70,69,72,79,90,97,95,93,,,,,,,,,,,,,,,,,,,,,,,,,,,,,,,,,,,,,,,,,,,,,,,,,,,,,
"Brooks, Garth",Do What You Gotta Do,176,Country,2/19/2000,3/18/2000,4,6,86,4,86,77,86,81,72,70,69,77,,,,,,,,,,,,,,,,,,,,,,,,,,,,,,,,,,,,,,,,,,,,,,,,,,,,,,,,,,,
"Offspring, The",Original Prankster,222,Rock,11/25/2000,12/9/2000,2,9,92,2,74,92,74,71,70,70,77,78,91,89,92,,,,,,,,,,,,,,,,,,,,,,,,,,,,,,,,,,,,,,,,,,,,,,,,,,,,,,,,
"Anthony, Marc",My Baby You,239,Latin,9/16/2000,10/7/2000,3,20,94,3,82,90,82,76,76,70,82,81,74,80,76,76,73,74,87,83,89,93,94,94,91,90,,,,,,,,,,,,,,,,,,,,,,,,,,,,,,,,,,,,,,,,,,,,,
"Houston, Whitney","Same Script, Different Cast",285,Rock,6/17/2000,7/15/2000,4,9,91,4,71,91,71,71,71,71,70,75,77,88,91,,,,,,,,,,,,,,,,,,,,,,,,,,,,,,,,,,,,,,,,,,,,,,,,,,,,,,,,
D'Angelo,Left & Right,275,R&B,12/11/1999,1/1/2000,3,5,93,3,93,91,93,77,75,70,91,,,,,,,,,,,,,,,,,,,,,,,,,,,,,,,,,,,,,,,,,,,,,,,,,,,,,,,,,,,,
"Kravitz, Lenny",I Belong To You,257,Rock,3/25/2000,4/8/2000,2,9,93,2,78,93,78,77,71,71,71,83,90,90,93,,,,,,,,,,,,,,,,,,,,,,,,,,,,,,,,,,,,,,,,,,,,,,,,,,,,,,,,
"Loveless, Patty",That's The Kind Of Mood I'm In,207,Country,9/16/2000,11/18/2000,9,14,98,9,98,91,98,93,93,93,88,88,82,81,73,71,71,72,85,91,,,,,,,,,,,,,,,,,,,,,,,,,,,,,,,,,,,,,,,,,,,,,,,,,,,
Q-Tip,Breathe And Stop,246,Rock,1/22/2000,1/22/2000,0,5,96,0,71,96,71,71,81,82,96,,,,,,,,,,,,,,,,,,,,,,,,,,,,,,,,,,,,,,,,,,,,,,,,,,,,,,,,,,,,
"Rimes, LeAnn",Can't Fight The Moonlight,213,Country,9/9/2000,9/16/2000,1,20,99,1,82,93,82,71,79,83,96,99,78,78,83,79,77,76,79,81,88,85,86,79,87,93,,,,,,,,,,,,,,,,,,,,,,,,,,,,,,,,,,,,,,,,,,,,,
Lil Wayne,Tha Block Is Hot,253,Rap,12/4/1999,1/8/2000,5,11,99,5,99,95,99,89,92,84,84,72,81,81,86,87,95,,,,,,,,,,,,,,,,,,,,,,,,,,,,,,,,,,,,,,,,,,,,,,,,,,,,,,
2 Pac,Baby Don't Cry (Keep Ya Head Up II),262,Rap,2/26/2000,3/11/2000,2,7,99,2,87,99,87,82,72,77,87,94,99,,,,,,,,,,,,,,,,,,,,,,,,,,,,,,,,,,,,,,,,,,,,,,,,,,,,,,,,,,
"Wallflowers, The",Sleepwalker,209,Rock,10/28/2000,10/28/2000,0,6,96,0,73,96,73,73,74,80,90,96,,,,,,,,,,,,,,,,,,,,,,,,,,,,,,,,,,,,,,,,,,,,,,,,,,,,,,,,,,,
Drama,"Left, Right, Left",217,Rap,2/12/2000,3/18/2000,5,13,100,5,100,96,100,98,89,80,75,73,80,86,91,96,100,98,96,,,,,,,,,,,,,,,,,,,,,,,,,,,,,,,,,,,,,,,,,,,,,,,,,,,,
Limp Bizkit,N 2 Gether Now,235,Rock,12/4/1999,1/8/2000,5,11,97,5,94,96,94,88,85,78,78,73,84,86,90,97,96,,,,,,,,,,,,,,,,,,,,,,,,,,,,,,,,,,,,,,,,,,,,,,,,,,,,,,
Lox,"Ryde or Die, Chick",236,Rap,3/18/2000,3/25/2000,1,7,97,1,86,97,86,73,80,84,91,97,97,,,,,,,,,,,,,,,,,,,,,,,,,,,,,,,,,,,,,,,,,,,,,,,,,,,,,,,,,,
Ying Yang Twins,Whistle While You Twurk,259,Rap,3/18/2000,4/29/2000,6,14,99,6,95,99,95,94,91,85,84,78,74,78,85,89,97,96,99,99,,,,,,,,,,,,,,,,,,,,,,,,,,,,,,,,,,,,,,,,,,,,,,,,,,,
"Walker, Clay","Live, Laugh, Love",246,Country,12/4/1999,1/22/2000,7,11,98,7,95,98,95,95,94,94,94,95,82,74,79,92,98,,,,,,,,,,,,,,,,,,,,,,,,,,,,,,,,,,,,,,,,,,,,,,,,,,,,,,
Metallica,No Leaf Clover (Live),343,Rock,2/12/2000,3/11/2000,4,10,95,4,86,95,86,81,78,76,74,80,86,93,95,95,,,,,,,,,,,,,,,,,,,,,,,,,,,,,,,,,,,,,,,,,,,,,,,,,,,,,,,
Yankee Grey,Another Nine Minutes,190,Country,4/29/2000,5/20/2000,3,8,95,3,86,95,86,83,77,74,83,79,88,95,,,,,,,,,,,,,,,,,,,,,,,,,,,,,,,,,,,,,,,,,,,,,,,,,,,,,,,,,
"Bega, Lou",Tricky Tricky ,203,Rock,1/29/2000,2/5/2000,1,3,87,1,75,87,75,74,87,,,,,,,,,,,,,,,,,,,,,,,,,,,,,,,,,,,,,,,,,,,,,,,,,,,,,,,,,,,,,,
Big Punisher,It's So Hard,205,Rap,4/22/2000,5/6/2000,2,15,100,2,96,100,96,87,75,79,81,81,76,76,78,84,90,88,94,98,100,,,,,,,,,,,,,,,,,,,,,,,,,,,,,,,,,,,,,,,,,,,,,,,,,,
"Worley, Darryl",When You Need My Love,215,Country,6/17/2000,9/2/2000,11,15,99,11,98,99,98,88,93,92,85,85,84,80,80,80,80,75,78,86,99,,,,,,,,,,,,,,,,,,,,,,,,,,,,,,,,,,,,,,,,,,,,,,,,,,
Lil' Kim,How Many Licks?,230,Rap,11/25/2000,12/2/2000,1,9,96,1,79,96,79,75,77,86,86,89,,,96,96,96,,,,,,,,,,,,,,,,,,,,,,,,,,,,,,,,,,,,,,,,,,,,,,,,,,,,,,
"Clark, Terri",A Little Gasoline,187,Country,12/16/2000,12/16/2000,0,6,99,0,75,99,75,82,88,96,99,99,,,,,,,,,,,,,,,,,,,,,,,,,,,,,,,,,,,,,,,,,,,,,,,,,,,,,,,,,,,
"Brock, Chad",A Country Boy Can Survive,234,Country,1/1/2000,1/8/2000,1,3,93,1,93,92,93,75,92,,,,,,,,,,,,,,,,,,,,,,,,,,,,,,,,,,,,,,,,,,,,,,,,,,,,,,,,,,,,,,
"Cagle, Chris",My Love Goes On And On,182,Country,10/21/2000,12/2/2000,6,11,99,6,99,91,99,94,94,87,84,83,76,76,79,83,91,,,,,,,,,,,,,,,,,,,,,,,,,,,,,,,,,,,,,,,,,,,,,,,,,,,,,,
"Byrd, Tracy",Put Your Hand In Mine,270,Country,1/29/2000,2/12/2000,2,8,99,2,81,99,81,77,76,76,86,88,92,99,,,,,,,,,,,,,,,,,,,,,,,,,,,,,,,,,,,,,,,,,,,,,,,,,,,,,,,,,
Metallica,I Disappear,266,Rock'n'roll,5/13/2000,6/17/2000,5,20,98,5,86,95,86,84,88,81,81,76,81,81,78,84,83,82,87,88,91,94,98,95,89,95,,,,,,,,,,,,,,,,,,,,,,,,,,,,,,,,,,,,,,,,,,,,,
Jay-Z,Hey Papi,220,Rap,8/12/2000,10/7/2000,8,15,100,8,98,94,98,100,98,94,83,83,80,78,76,77,85,91,93,88,94,,,,,,,,,,,,,,,,,,,,,,,,,,,,,,,,,,,,,,,,,,,,,,,,,,
Fatboy Slim,The Rockafeller Skank,240,Electronica,11/13/1999,1/22/2000,10,12,95,10,94,95,94,94,94,87,77,77,83,82,82,92,76,95,,,,,,,,,,,,,,,,,,,,,,,,,,,,,,,,,,,,,,,,,,,,,,,,,,,,,
"Levert, Gerald",Mr. Too Damn Good,246,R&B,3/18/2000,4/8/2000,3,8,97,3,84,97,84,83,83,76,86,86,88,97,,,,,,,,,,,,,,,,,,,,,,,,,,,,,,,,,,,,,,,,,,,,,,,,,,,,,,,,,
"McKnight, Brian",Stay Or Let It Go,272,Rock,2/26/2000,3/25/2000,4,8,100,4,95,93,95,92,82,78,76,88,100,93,,,,,,,,,,,,,,,,,,,,,,,,,,,,,,,,,,,,,,,,,,,,,,,,,,,,,,,,,
"Allan, Gary",Smoke Rings In The Dark,258,Country,1/22/2000,2/5/2000,2,5,92,2,80,92,80,78,76,77,92,,,,,,,,,,,,,,,,,,,,,,,,,,,,,,,,,,,,,,,,,,,,,,,,,,,,,,,,,,,,
Ginuwine,The Best Man I Can Be,246,Rock,1/8/2000,3/4/2000,8,12,97,8,97,89,97,97,83,94,84,88,85,82,77,77,85,89,,,,,,,,,,,,,,,,,,,,,,,,,,,,,,,,,,,,,,,,,,,,,,,,,,,,,
Before Dark,Monica,244,Rock,5/20/2000,6/17/2000,4,9,100,4,95,100,95,87,80,80,77,87,91,91,100,,,,,,,,,,,,,,,,,,,,,,,,,,,,,,,,,,,,,,,,,,,,,,,,,,,,,,,,
"Estefan, Gloria",No Me Dejes De Querer,205,Rock,6/10/2000,6/10/2000,0,1,77,0,77,77,77,,,,,,,,,,,,,,,,,,,,,,,,,,,,,,,,,,,,,,,,,,,,,,,,,,,,,,,,,,,,,,,,
Stone Temple Pilots,Sour Girl,256,Rock,7/8/2000,7/29/2000,3,13,98,3,79,98,79,79,79,78,78,87,89,88,95,93,91,94,98,,,,,,,,,,,,,,,,,,,,,,,,,,,,,,,,,,,,,,,,,,,,,,,,,,,,
Montgomery Gentry,Daddy Won't Sell The Farm,258,Country,3/4/2000,3/25/2000,3,6,96,3,87,96,87,83,81,79,81,96,,,,,,,,,,,,,,,,,,,,,,,,,,,,,,,,,,,,,,,,,,,,,,,,,,,,,,,,,,,
"Cyrus, Billy Ray",You Won't Be Lonely Now,225,Country,9/23/2000,11/11/2000,7,13,97,7,97,95,97,97,97,92,91,88,85,80,82,80,80,89,95,,,,,,,,,,,,,,,,,,,,,,,,,,,,,,,,,,,,,,,,,,,,,,,,,,,,
Clark Family Experience,Meanwhile Back At The Ranch,176,Country,11/18/2000,12/16/2000,4,12,92,4,87,91,87,86,81,92,80,80,82,84,82,81,85,91,,,,,,,,,,,,,,,,,,,,,,,,,,,,,,,,,,,,,,,,,,,,,,,,,,,,,
"Thomas, Carl",Summer Rain,297,Rock,9/23/2000,10/14/2000,3,11,95,3,82,95,82,82,86,80,82,83,84,82,88,94,95,,,,,,,,,,,,,,,,,,,,,,,,,,,,,,,,,,,,,,,,,,,,,,,,,,,,,,
"Yearwood, Trisha",Real Live Woman,235,Country,4/1/2000,4/29/2000,4,6,91,4,85,91,85,83,83,82,81,91,,,,,,,,,,,,,,,,,,,,,,,,,,,,,,,,,,,,,,,,,,,,,,,,,,,,,,,,,,,
Trick Daddy,Shut Up,257,Rap,5/20/2000,6/17/2000,4,11,99,4,99,97,99,95,87,87,83,83,89,87,92,92,97,,,,,,,,,,,,,,,,,,,,,,,,,,,,,,,,,,,,,,,,,,,,,,,,,,,,,,
"Moore, Chante",Straight Up,220,Rock,10/28/2000,12/2/2000,5,9,98,5,98,98,98,98,97,90,85,83,83,97,98,,,,,,,,,,,,,,,,,,,,,,,,,,,,,,,,,,,,,,,,,,,,,,,,,,,,,,,,
Cam'ron,What Means The World To You,278,Rap,10/14/2000,11/18/2000,5,10,96,5,94,92,94,94,96,91,84,83,88,87,95,92,,,,,,,,,,,,,,,,,,,,,,,,,,,,,,,,,,,,,,,,,,,,,,,,,,,,,,,
Juvenile,U Understand,231,Rap,2/5/2000,2/12/2000,1,6,100,1,85,96,85,83,100,98,97,96,,,,,,,,,,,,,,,,,,,,,,,,,,,,,,,,,,,,,,,,,,,,,,,,,,,,,,,,,,,
"Hollister, Dave",Can't Stay,377,Rock,3/25/2000,3/25/2000,0,4,98,0,84,98,84,84,93,98,,,,,,,,,,,,,,,,,,,,,,,,,,,,,,,,,,,,,,,,,,,,,,,,,,,,,,,,,,,,,
Tamia,Can't Go For That,218,Rock,9/16/2000,9/30/2000,2,5,97,2,90,97,90,86,84,88,97,,,,,,,,,,,,,,,,,,,,,,,,,,,,,,,,,,,,,,,,,,,,,,,,,,,,,,,,,,,,
LFO,West Side Story,207,Rock'n'roll,8/5/2000,8/12/2000,1,4,96,1,96,96,96,84,88,96,,,,,,,,,,,,,,,,,,,,,,,,,,,,,,,,,,,,,,,,,,,,,,,,,,,,,,,,,,,,,
"Paisley, Brad",Me Neither,199,Country,5/13/2000,5/20/2000,1,4,92,1,87,92,87,85,90,92,,,,,,,,,,,,,,,,,,,,,,,,,,,,,,,,,,,,,,,,,,,,,,,,,,,,,,,,,,,,,
"Carter, Torrey",Take That,223,Rock,6/24/2000,7/8/2000,2,7,99,2,94,99,94,88,86,91,89,87,99,,,,,,,,,,,,,,,,,,,,,,,,,,,,,,,,,,,,,,,,,,,,,,,,,,,,,,,,,,
2Ge+her,The Hardest Part Of Breaking Up (Is Getting Back Your Stuff),195,R&B,9/2/2000,9/9/2000,1,3,92,1,91,92,91,87,92,,,,,,,,,,,,,,,,,,,,,,,,,,,,,,,,,,,,,,,,,,,,,,,,,,,,,,,,,,,,,,
Madison Avenue,Don't Call Me Baby,224,Electronica,7/8/2000,9/16/2000,10,20,98,10,98,97,98,96,93,93,93,92,92,92,90,92,88,88,88,95,93,98,93,92,90,97,,,,,,,,,,,,,,,,,,,,,,,,,,,,,,,,,,,,,,,,,,,,,
Eve,Got It All,228,Rap,7/15/2000,7/22/2000,1,5,95,1,89,95,89,88,88,91,95,,,,,,,,,,,,,,,,,,,,,,,,,,,,,,,,,,,,,,,,,,,,,,,,,,,,,,,,,,,,
Limp Bizkit,Re-Arranged,248,Rock,12/4/1999,2/5/2000,9,18,100,9,91,100,91,91,90,95,95,99,96,96,92,88,89,93,91,91,89,90,93,100,,,,,,,,,,,,,,,,,,,,,,,,,,,,,,,,,,,,,,,,,,,,,,,
"Spencer, Tracie",Still In My Heart,251,Rock,3/4/2000,3/11/2000,1,3,98,1,95,98,95,88,98,,,,,,,,,,,,,,,,,,,,,,,,,,,,,,,,,,,,,,,,,,,,,,,,,,,,,,,,,,,,,,
Nu Flavor,3 Little Words,234,R&B,6/3/2000,6/17/2000,2,9,99,2,97,98,97,97,89,89,94,90,99,97,98,,,,,,,,,,,,,,,,,,,,,,,,,,,,,,,,,,,,,,,,,,,,,,,,,,,,,,,,
Tamar,If You Don't Wanna Love Me,242,Rock,3/25/2000,4/15/2000,3,6,98,3,98,93,98,98,92,89,92,93,,,,,,,,,,,,,,,,,,,,,,,,,,,,,,,,,,,,,,,,,,,,,,,,,,,,,,,,,,,
"Levert, Gerald",Baby U Are,250,R&B,8/19/2000,8/26/2000,1,5,96,1,96,96,96,89,92,96,96,,,,,,,,,,,,,,,,,,,,,,,,,,,,,,,,,,,,,,,,,,,,,,,,,,,,,,,,,,,,
"Hart, Beth",L.A. Song,227,Country,11/27/1999,1/15/2000,7,12,100,7,99,97,99,100,98,99,99,99,98,90,99,97,91,97,,,,,,,,,,,,,,,,,,,,,,,,,,,,,,,,,,,,,,,,,,,,,,,,,,,,,
"Diffie, Joe",The Quittin' Kind,203,Country,1/1/2000,1/22/2000,3,6,100,3,98,94,98,100,100,90,93,94,,,,,,,,,,,,,,,,,,,,,,,,,,,,,,,,,,,,,,,,,,,,,,,,,,,,,,,,,,,
Funkmaster Flex,Do You,254,Rap,11/11/2000,12/2/2000,3,7,100,3,92,100,92,92,95,91,91,94,100,,,,,,,,,,,,,,,,,,,,,,,,,,,,,,,,,,,,,,,,,,,,,,,,,,,,,,,,,,
"Price, Kelly",Love Sets You Free,226,Rock,5/13/2000,5/20/2000,1,4,100,1,92,100,92,91,98,100,,,,,,,,,,,,,,,,,,,,,,,,,,,,,,,,,,,,,,,,,,,,,,,,,,,,,,,,,,,,,
En Vogue,Riddle,310,Rock,6/17/2000,6/17/2000,0,4,100,0,92,100,92,92,97,100,,,,,,,,,,,,,,,,,,,,,,,,,,,,,,,,,,,,,,,,,,,,,,,,,,,,,,,,,,,,,
"Herndon, Ty",No Mercy,283,Country,3/18/2000,5/6/2000,7,8,100,7,100,96,100,99,99,,,98,94,92,95,96,,,,,,,,,,,,,,,,,,,,,,,,,,,,,,,,,,,,,,,,,,,,,,,,,,,,,,,
Anastacia,I'm Outta Love,241,Pop,4/1/2000,4/1/2000,0,3,97,0,92,97,92,,,95,,,,,,,,97,,,,,,,,,,,,,,,,,,,,,,,,,,,,,,,,,,,,,,,,,,,,,,,,,,,,,
Trina,Pull Over,178,Rap,9/9/2000,9/16/2000,1,4,100,1,97,100,97,93,96,100,,,,,,,,,,,,,,,,,,,,,,,,,,,,,,,,,,,,,,,,,,,,,,,,,,,,,,,,,,,,,
Lil' Mo,Ta Da,257,Rap,8/12/2000,9/16/2000,5,7,100,5,100,99,100,99,97,97,100,95,99,,,,,,,,,,,,,,,,,,,,,,,,,,,,,,,,,,,,,,,,,,,,,,,,,,,,,,,,,,
A*Teens,Dancing Queen,224,Pop,7/8/2000,7/29/2000,3,5,100,3,97,100,97,97,96,95,100,,,,,,,,,,,,,,,,,,,,,,,,,,,,,,,,,,,,,,,,,,,,,,,,,,,,,,,,,,,,
"Sheist, Shade",Where I Wanna Be,256,Rap,11/11/2000,11/18/2000,1,5,100,1,96,100,96,95,99,99,100,,,,,,,,,,,,,,,,,,,,,,,,,,,,,,,,,,,,,,,,,,,,,,,,,,,,,,,,,,,,
De La Soul,All Good?,302,Rap,12/23/2000,12/23/2000,0,3,100,0,96,100,96,96,100,,,,,,,,,,,,,,,,,,,,,,,,,,,,,,,,,,,,,,,,,,,,,,,,,,,,,,,,,,,,,,
"Larrieux, Amel",Get Up,242,R&B,3/4/2000,3/11/2000,1,3,100,1,100,97,100,97,97,,,,,,,,,,,,,,,,,,,,,,,,,,,,,,,,,,,,,,,,,,,,,,,,,,,,,,,,,,,,,,
"Braxton, Toni",Spanish Guitar,264,Rock,12/2/2000,12/2/2000,0,3,98,0,98,98,98,98,98,,,,,,,,,,,,,,,,,,,,,,,,,,,,,,,,,,,,,,,,,,,,,,,,,,,,,,,,,,,,,,
Tuesday,I Know,246,Rock,12/30/2000,12/30/2000,0,2,98,0,98,98,98,98,,,,,,,,,,,,,,,,,,,,,,,,,,,,,,,,,,,,,,,,,,,,,,,,,,,,,,,,,,,,,,,
LL Cool J,Imagine That,240,Rap,8/12/2000,8/19/2000,1,2,99,1,99,98,99,98,,,,,,,,,,,,,,,,,,,,,,,,,,,,,,,,,,,,,,,,,,,,,,,,,,,,,,,,,,,,,,,
Master P,Souljas,213,Rap,11/18/2000,11/18/2000,0,1,98,0,98,98,98,,,,,,,,,,,,,,,,,,,,,,,,,,,,,,,,,,,,,,,,,,,,,,,,,,,,,,,,,,,,,,,,
Ghostface Killah,Cherchez LaGhost,184,R&B,8/5/2000,8/5/2000,0,1,98,0,98,98,98,,,,,,,,,,,,,,,,,,,,,,,,,,,,,,,,,,,,,,,,,,,,,,,,,,,,,,,,,,,,,,,,
"Smith, Will",Freakin' It,238,Rap,2/12/2000,2/12/2000,0,4,99,0,99,99,99,99,99,99,,,,,,,,,,,,,,,,,,,,,,,,,,,,,,,,,,,,,,,,,,,,,,,,,,,,,,,,,,,,,
Zombie Nation,Kernkraft 400,210,Rock,9/2/2000,9/2/2000,0,2,99,0,99,99,99,99,,,,,,,,,,,,,,,,,,,,,,,,,,,,,,,,,,,,,,,,,,,,,,,,,,,,,,,,,,,,,,,
"Eastsidaz, The",Got Beef,238,Rap,7/1/2000,7/1/2000,0,2,99,0,99,99,99,99,,,,,,,,,,,,,,,,,,,,,,,,,,,,,,,,,,,,,,,,,,,,,,,,,,,,,,,,,,,,,,,
Fragma,Toca's Miracle,202,R&B,10/28/2000,10/28/2000,0,1,99,0,99,99,99,,,,,,,,,,,,,,,,,,,,,,,,,,,,,,,,,,,,,,,,,,,,,,,,,,,,,,,,,,,,,,,,